USE EtudiantsDB;
GO
-- Insertion des données dans la table etudiant
INSERT INTO etudiant (id_etudiant, nom_etudiant, prenom_etudiant, date_de_naissance, adresse, email) 
VALUES
(1, 'Martin', 'Jean', '1998-03-12', '123 Rue de la Paix', 'jean.martin@example.com'),
(2, 'Durand', 'Sophie', '1999-07-23', '456 Avenue des Fleurs', 'sophie.durand@example.com'),
(3, 'Lefevre', 'Pierre', '2000-11-15', '789 Boulevard du Parc', 'pierre.lefevre@example.com'),
(4, 'Moreau', 'Claire', '2001-02-28', '321 Route du Soleil', 'claire.moreau@example.com'),
(5, 'Roux', 'Julien', '1998-10-10', '654 Rue de la Mer', 'julien.roux@example.com'),
(6, 'Petit', 'Emma', '1997-05-05', '987 Chemin des Oliviers', 'emma.petit@example.com'),
(7, 'Robert', 'Lucas', '1999-12-30', '741 Avenue de la Liberté', 'lucas.robert@example.com'),
(8, 'Richard', 'Camille', '2000-08-21', '852 Rue des Roses', 'camille.richard@example.com'),
(9, 'Garcia', 'Antoine', '2001-03-18', '963 Boulevard des Arbres', 'antoine.garcia@example.com'),
(10, 'Martinez', 'Marie', '1998-06-09', '147 Route des Lacs', 'marie.martinez@example.com'),
(11, 'Bernard', 'Thomas', '1999-01-01', '258 Avenue du Moulin', 'thomas.bernard@example.com'),
(12, 'Dubois', 'Laura', '2000-04-14', '369 Chemin de la Montagne', 'laura.dubois@example.com'),
(13, 'Morel', 'Maxime', '2001-07-27', '159 Rue des Vignes', 'maxime.morel@example.com'),
(14, 'Laurent', 'Lucie', '1998-09-18', '753 Boulevard du Nord', 'lucie.laurent@example.com'),
(15, 'Simon', 'Alexandre', '1999-11-11', '357 Avenue des Champs', 'alexandre.simon@example.com'),
(16, 'Michel', 'Sonia', '2000-02-25', '246 Route de la Forêt', 'sonia.michel@example.com'),
(17, 'Leroy', 'Hugo', '2001-06-16', '468 Chemin de l Eau', 'hugo.leroy@example.com'),
(18, 'Perrot', 'Julie', '1998-05-28', '579 Rue de la Colline', 'julie.perrot@example.com'),
(19, 'Morel', 'Nicolas', '1999-10-19', '681 Boulevard du Ciel', 'nicolas.morel@example.com'),
(20, 'David', 'Elodie', '2000-03-07', '792 Avenue de l"Étoile', 'elodie.david@example.com'),
(21, 'Bertrand', 'Paul', '2001-08-30', '894 Chemin du Ruisseau', 'paul.bertrand@example.com'),
(22, 'Thomas', 'Manon', '1998-12-21', '135 Rue des Pins', 'manon.thomas@example.com'),
(23, 'Lemoine', 'Adrien', '1999-07-14', '246 Boulevard de la Plaine', 'adrien.lemoine@example.com'),
(24, 'Legrand', 'Mélanie', '2000-11-03', '357 Avenue des Ailes', 'melanie.legrand@example.com'),
(25, 'Dupont', 'Arthur', '2001-04-22', '468 Rue des Sources', 'arthur.dupont@example.com'),
(26, 'Durand', 'Chloé', '1998-09-09', '579 Route de la Rivière', 'chloe.durand@example.com'),
(27, 'Petit', 'Louis', '1999-01-13', '681 Chemin des Rivières', 'louis.petit@example.com'),
(28, 'Richard', 'Alice', '2000-06-26', '792 Boulevard du Lac', 'alice.richard@example.com'),
(29, 'Robert', 'Nathan', '2001-05-17', '894 Avenue des Champs-Élysées', 'nathan.robert@example.com'),
(30, 'Garcia', 'Léa', '1998-08-05', '135 Rue de la Gare', 'lea.garcia@example.com'),
(31, 'Girard', 'Sophie', '2003-03-15', '10 Rue des Fleurs', 'sophie.girard@example.com'),
(32, 'Andre', 'Lucas', '2002-06-20', '25 Avenue Victor Hugo', 'lucas.andre@example.com'),
(33, 'Lemoine', 'Camille', '2001-09-10', '8 Rue du Paradis', 'camille.lemoine@example.com'),
(34, 'Faure', 'Mathis', '2004-01-05', '12 Rue des Champs', 'mathis.faure@example.com'),
(35, 'Lopez', 'Manon', '2000-04-18', '15 Avenue du Soleil', 'manon.lopez@example.com'),
(36, 'Caron', 'Arthur', '2003-07-22', '7 Rue de la Paix', 'arthur.caron@example.com'),
(37, 'Gonzalez', 'Juliette', '2002-10-30', '3 Avenue des Roses', 'juliette.gonzalez@example.com'),
(38, 'Giraud', 'Nathan', '2001-12-12', '18 Rue des Écoles', 'nathan.giraud@example.com'),
(39, 'Perez', 'Zoé', '2000-05-25', '22 Boulevard Pasteur', 'zoe.perez@example.com'),
(40, 'Moulin', 'Raphael', '2004-08-08', '5 Rue du Commerce', 'raphael.moulin@example.com'),
(41, 'Dupont', 'Thomas', '2002-02-12', '30 Rue du Pont', 'thomas.dupont@example.com'),
(42, 'Morel', 'Emma', '2001-05-25', '17 Avenue des Lilas', 'emma.morel@example.com'),
(43, 'Robert', 'Louis', '2003-08-08', '9 Rue des Pommiers', 'louis.robert@example.com'),
(44, 'Garcin', 'Léa', '2000-11-15', '24 Boulevard Victor Hugo', 'lea.garcin@example.com'),
(45, 'Roux', 'Mathéo', '2004-03-20', '6 Avenue du Lac', 'matheo.roux@example.com'),
(46, 'Blanc', 'Anna', '2000-06-30', '11 Rue du Moulin', 'anna.blanc@example.com'),
(47, 'Lefevre', 'Hugo', '2001-09-05', '14 Avenue du Stade', 'hugo.lefevre@example.com'),
(48, 'Bertrand', 'Chloé', '2003-12-10', '5 Rue du Château', 'chloe.bertrand@example.com'),
(49, 'Girard', 'Jules', '2002-04-18', '8 Rue des Violettes', 'jules.girard@example.com'),
(50, 'Fournier', 'Zoé', '2000-07-22', '19 Boulevard des Écoles', 'zoe.fournier@example.com');
GO


-- Insertion des données dans la table cours
INSERT INTO cours (id_cours, nom_cours, description, credits) 
VALUES
(1, 'Mathematiques I', 'Introduction aux mathématiques', 3),
(2, 'Physique I', 'Principes de base de la physique', 4),
(3, 'Chimie I', 'Introduction à la chimie', 3),
(4, 'Informatique I', 'Introduction à l informatique', 5),
(5, 'Biologie I', 'Principes de base de la biologie', 4),
(6, 'Statistiques I', 'Introduction aux statistiques', 3),
(7, 'Economie I', 'Principes de base de l économie', 3),
(8, 'Littérature I', 'Introduction à la littérature', 3),
(9, 'Philosophie I', 'Principes de base de la philosophie', 2),
(10, 'Histoire I', 'Introduction à l histoire', 3),
(11, 'Géographie I', 'Principes de base de la géographie', 3),
(12, 'Sociologie I', 'Introduction à la sociologie', 3),
(13, 'Psychologie I', 'Principes de base de la psychologie', 3),
(14, 'Anthropologie I', 'Introduction à l anthropologie', 3),
(15, 'Sciences Politiques I', 'Introduction aux sciences politiques', 3),
(16, 'Linguistique I', 'Introduction à la linguistique', 3),
(17, 'Art I', 'Principes de base de l art', 3),
(18, 'Musique I', 'Introduction à la musique', 2),
(19, 'Théâtre I', 'Introduction au théâtre', 3),
(20, 'Cinéma I', 'Principes de base du cinéma', 3),
(21, 'Education Physique I', 'Introduction à l éducation physique', 2),
(22, 'Astronomie I', 'Principes de base de l astronomie', 3),
(23, 'Génie Civil I', 'Introduction au génie civil', 4),
(24, 'Génie Mécanique I', 'Introduction au génie mécanique', 4),
(25, 'Génie Electrique I', 'Introduction au génie électrique', 4),
(26, 'Génie Informatique I', 'Introduction au génie informatique', 4),
(27, 'Médecine I', 'Principes de base de la médecine', 4),
(28, 'Pharmacie I', 'Introduction à la pharmacie', 4),
(29, 'Dentisterie I', 'Principes de base de la dentisterie', 4),
(30, 'Infirmier I', 'Introduction aux soins infirmiers', 3),
(31, 'Mathématiques', 'Cours avancé de mathématiques', 4),
(32, 'Physique', 'Introduction à la physique moderne', 3),
(33, 'Chimie', 'Chimie organique appliquée', 3),
(34, 'Informatique', 'Programmation avancée en Python', 4),
(35, 'Langues étrangères', 'Cours intensif de langues', 2),
(36, 'Biologie', 'Biologie cellulaire et moléculaire', 3),
(37, 'Économie', 'Principes fondamentaux de l économie', 3),
(38, 'Histoire', 'Histoire contemporaine', 2),
(39, 'Art', 'Introduction à l histoire de l art', 2),
(40, 'Géographie', 'Géographie physique et humaine', 3),
(41, 'Philosophie', 'Introduction à la philosophie moderne', 3),
(42, 'Sciences politiques', 'Théories politiques contemporaines', 3),
(43, 'Anthropologie', 'Anthropologie culturelle', 2),
(44, 'Marketing', 'Stratégies de marketing numérique', 3),
(45, 'Droit', 'Droit des affaires internationales', 4),
(46, 'Psychologie', 'Psychologie sociale', 3),
(47, 'Sociologie', 'Sociologie urbaine', 3),
(48, 'Finance', 'Finance d entreprise', 4),
(49, 'Management', 'Leadership et gestion des équipes', 3),
(50, 'Architecture', 'Architecture moderne', 2);
GO

-- Insertion des données dans la table enseignant
INSERT INTO enseignant (id_enseignant, nom_enseignant, prenom_enseignant, email) 
VALUES
(1, 'Martin', 'Alain', 'alain.martin@example.com'),
(2, 'Durand', 'Sophie', 'sophie.durand@example.com'),
(3, 'Lefevre', 'Pierre', 'pierre.lefevre@example.com'),
(4, 'Moreau', 'Claire', 'claire.moreau@example.com'),
(5, 'Roux', 'Julien', 'julien.roux@example.com'),
(6, 'Petit', 'Emma', 'emma.petit@example.com'),
(7, 'Robert', 'Lucas', 'lucas.robert@example.com'),
(8, 'Richard', 'Camille', 'camille.richard@example.com'),
(9, 'Garcia', 'Antoine', 'antoine.garcia@example.com'),
(10, 'Martinez', 'Marie', 'marie.martinez@example.com'),
(11, 'Bernard', 'Thomas', 'thomas.bernard@example.com'),
(12, 'Dubois', 'Laura', 'laura.dubois@example.com'),
(13, 'Morel', 'Maxime', 'maxime.morel@example.com'),
(14, 'Laurent', 'Lucie', 'lucie.laurent@example.com'),
(15, 'Simon', 'Alexandre', 'alexandre.simon@example.com'),
(16, 'Michel', 'Sonia', 'sonia.michel@example.com'),
(17, 'Leroy', 'Hugo', 'hugo.leroy@example.com'),
(18, 'Perrot', 'Julie', 'julie.perrot@example.com'),
(19, 'Morel', 'Nicolas', 'nicolas.morel@example.com'),
(20, 'David', 'Elodie', 'elodie.david@example.com'),
(21, 'Bertrand', 'Paul', 'paul.bertrand@example.com'),
(22, 'Thomas', 'Manon', 'manon.thomas@example.com'),
(23, 'Lemoine', 'Adrien', 'adrien.lemoine@example.com'),
(24, 'Legrand', 'Mélanie', 'melanie.legrand@example.com'),
(25, 'Dupont', 'Arthur', 'arthur.dupont@example.com'),
(26, 'Durand', 'Chloé', 'chloe.durand@example.com'),
(27, 'Petit', 'Louis', 'louis.petit@example.com'),
(28, 'Richard', 'Alice', 'alice.richard@example.com'),
(29, 'Robert', 'Nathan', 'nathan.robert@example.com'),
(30, 'Garcia', 'Léa', 'lea.garcia@example.com'),
(31, 'Roux', 'Sophie', 'sophie.roux@example.com'),
(32, 'Blanc', 'Pierre', 'pierre.blanc@example.com'),
(33, 'Lefevre', 'Marie', 'marie.lefevre@example.com'),
(34, 'Moreau', 'Antoine', 'antoine.moreau@example.com'),
(35, 'Leroy', 'Julie', 'julie.leroy@example.com'),
(36, 'Fournier', 'Luc', 'luc.fournier@example.com'),
(37, 'Girard', 'Emma', 'emma.girard@example.com'),
(38, 'Martinez', 'Thomas', 'thomas.martinez@example.com'),
(39, 'Denis', 'Manon', 'manon.denis@example.com'),
(40, 'Garcia', 'Nicolas', 'nicolas.garcia@example.com'),
(41, 'Roux', 'Thomas', 'thomas.roux@example.com'),
(42, 'Martinez', 'Emma', 'emma.martinez@example.com'),
(43, 'Denis', 'Lucas', 'lucas.denis@example.com'),
(44, 'Garcia', 'Juliette', 'juliette.garcia@example.com'),
(45, 'Lemoine', 'Antoine', 'antoine.lemoine@example.com'),
(46, 'Fournier', 'Julie', 'julie.fournier@example.com'),
(47, 'Giraud', 'Lucie', 'lucie.giraud@example.com'),
(48, 'Leroy', 'Théo', 'theo.leroy@example.com'),
(49, 'Perez', 'Manon', 'manon.perez@example.com'),
(50, 'Faure', 'Nicolas', 'nicolas.faure@example.com');
GO


-- Insertion des données dans la table niveau
INSERT INTO niveau (id_niveau, nom_niveau)
 VALUES
(1, 'L1'),
(2, 'L2'),
(3, 'L3'),
(4, 'M1'),
(5, 'M2'),
(6, 'L1'),
(7, 'L2'),
(8, 'L3'),
(9, 'M1'),
(10, 'M2'),
(11, 'L1'),
(12, 'L2'),
(13, 'L3'),
(14, 'M1'),
(15, 'M2'),
(16, 'L1'),
(17, 'L2'),
(18, 'L3'),
(19, 'M1'),
(20, 'M2'),
(21, 'L1'),
(22, 'L2'),
(23, 'L3'),
(24, 'M1'),
(25, 'M2'),
(26, 'L1'),
(27, 'L2'),
(28, 'L3'),
(29, 'M1'),
(30, 'M2'),
(31, 'L1'),
(32, 'L2'),
(33, 'L3'),
(34, 'M1'),
(35, 'M2'),
(36, 'L1'),
(37, 'L2'),
(38, 'L3'),
(39, 'M1'),
(40, 'M2'),
(41, 'L1'),
(42, 'L2'),
(43, 'L3'),
(44, 'M1'),
(45, 'M2'),
(46, 'L1'),
(47, 'L2'),
(48, 'L3'),
(49, 'M1'),
(50, 'M2');
GO

-- Insertion des données dans la table note
INSERT INTO note (id_note, id_etudiant, id_cours, date_note, valeur) 
VALUES
(1, 1, 1, '2024-01-10', 15.5),
(2, 2, 2, '2024-01-15', 18.0),
(3, 3, 3, '2024-01-20', 12.5),
(4, 4, 4, '2024-01-25', 17.0),
(5, 5, 5, '2024-02-01', 14.0),
(6, 6, 6, '2024-02-05', 16.5),
(7, 7, 7, '2024-02-10', 19.0),
(8, 8, 8, '2024-02-15', 13.5),
(9, 9, 9, '2024-02-20', 11.0),
(10, 10, 10, '2024-02-25', 20.0),
(11, 11, 11, '2024-03-01', 10.5),
(12, 12, 12, '2024-03-05', 9.0),
(13, 13, 13, '2024-03-10', 18.5),
(14, 14, 14, '2024-03-15', 7.5),
(15, 15, 15, '2024-03-20', 6.0),
(16, 16, 16, '2024-03-25', 13.0),
(17, 17, 17, '2024-04-01', 5.5),
(18, 18, 18, '2024-04-05', 8.0),
(19, 19, 19, '2024-04-10', 12.0),
(20, 20, 20, '2024-04-15', 4.5),
(21, 21, 21, '2024-04-20', 3.0),
(22, 22, 22, '2024-04-25', 2.5),
(23, 23, 23, '2024-05-01', 1.0),
(24, 24, 24, '2024-05-05', 0.5),
(25, 25, 25, '2024-05-10', 5.0),
(26, 26, 26, '2024-05-15', 4.0),
(27, 27, 27, '2024-05-20', 7.0),
(28, 28, 28, '2024-05-25', 8.5),
(29, 29, 29, '2024-06-01', 6.5),
(30, 30, 30, '2024-06-05', 9.5),
(31, 31, 31, '2024-01-10', 14.5),
(32, 32, 32, '2024-01-15', 16.0),
(33, 33, 33, '2024-01-20', 11.5),
(34, 34, 34, '2024-01-25', 15.0),
(35, 35, 35, '2024-02-01', 12.0),
(36, 36, 36, '2024-02-05', 13.5),
(37, 37, 37, '2024-02-10', 17.0),
(38, 38, 38, '2024-02-15', 10.5),
(39, 39, 39, '2024-02-20', 9.0),
(40, 40, 40, '2024-02-25', 18.0),
(41, 41, 41, '2024-01-10', 13.0),
(42, 42, 42, '2024-01-15', 14.5),
(43, 43, 43, '2024-01-20', 16.0),
(44, 44, 44, '2024-01-25', 12.5),
(45, 45, 45, '2024-02-01', 15.0),
(46, 46, 46, '2024-02-05', 17.5),
(47, 47, 47, '2024-02-10', 11.0),
(48, 48, 48, '2024-02-15', 18.0),
(49, 49, 49, '2024-02-20', 9.5),
(50, 50, 50, '2024-02-25', 14.0);
GO

-- Insertion des données dans la table enseigner
INSERT INTO enseigner (id_enseigner, date_enseigner, heure_enseigner, id_enseignant, id_cours) 
VALUES
(1, '2024-01-10', '08:00:00', 1, 1),
(2, '2024-01-12', '10:00:00', 2, 2),
(3, '2024-01-14', '12:00:00', 3, 3),
(4, '2024-01-16', '14:00:00', 4, 4),
(5, '2024-01-18', '16:00:00', 5, 5),
(6, '2024-01-20', '08:00:00', 6, 6),
(7, '2024-01-22', '10:00:00', 7, 7),
(8, '2024-01-24', '12:00:00', 8, 8),
(9, '2024-01-26', '14:00:00', 9, 9),
(10, '2024-01-28', '16:00:00', 10, 10),
(11, '2024-01-30', '08:00:00', 11, 11),
(12, '2024-02-02', '10:00:00', 12, 12),
(13, '2024-02-04', '12:00:00', 13, 13),
(14, '2024-02-06', '14:00:00', 14, 14),
(15, '2024-02-08', '16:00:00', 15, 15),
(16, '2024-02-10', '08:00:00', 16, 16),
(17, '2024-02-12', '10:00:00', 17, 17),
(18, '2024-02-14', '12:00:00', 18, 18),
(19, '2024-02-16', '14:00:00', 19, 19),
(20, '2024-02-18', '16:00:00', 20, 20),
(21, '2024-02-20', '08:00:00', 21, 21),
(22, '2024-02-22', '10:00:00', 22, 22),
(23, '2024-02-24', '12:00:00', 23, 23),
(24, '2024-02-26', '14:00:00', 24, 24),
(25, '2024-02-28', '16:00:00', 25, 25),
(26, '2024-03-02', '08:00:00', 26, 26),
(27, '2024-03-04', '10:00:00', 27, 27),
(28, '2024-03-06', '12:00:00', 28, 28),
(29, '2024-03-08', '14:00:00', 29, 29),
(30, '2024-03-10', '16:00:00', 30, 30),
(31, '2024-01-10', '08:00:00', 31, 31),
(32, '2024-01-12', '10:00:00', 32, 32),
(33, '2024-01-14', '12:00:00', 33, 33),
(34, '2024-01-16', '14:00:00', 34, 34),
(35, '2024-01-18', '16:00:00', 35, 35),
(36, '2024-01-20', '08:00:00', 36, 36),
(37, '2024-01-22', '10:00:00', 37, 37),
(38, '2024-01-24', '12:00:00', 38, 38),
(39, '2024-01-26', '14:00:00', 39, 39),
(40, '2024-01-28', '16:00:00', 40, 40),
(41, '2024-01-10', '08:00:00', 41, 41),
(42, '2024-01-12', '10:00:00', 42, 42),
(43, '2024-01-14', '12:00:00', 43, 43),
(44, '2024-01-16', '14:00:00', 44, 44),
(45, '2024-01-18', '16:00:00', 45, 45),
(46, '2024-01-20', '08:00:00', 46, 46),
(47, '2024-01-22', '10:00:00', 47, 47),
(48, '2024-01-24', '12:00:00', 48, 48),
(49, '2024-01-26', '14:00:00', 49, 49),
(50, '2024-01-28', '16:00:00', 50, 50);
GO

-- Insertion des données dans la table inscrit
INSERT INTO inscrit (id_inscrit, date_inscrit, statut_inscrit, id_etudiant, id_niveau) 
VALUES
(1, '2024-01-10', 'Actif', 1, 1),
(2, '2024-01-15', 'Actif', 2, 2),
(3, '2024-01-20', 'Actif', 3, 3),
(4, '2024-01-25', 'Actif', 4, 4),
(5, '2024-02-01', 'Actif', 5, 5),
(6, '2024-02-05', 'Actif', 6, 1),
(7, '2024-02-10', 'Actif', 7, 2),
(8, '2024-02-15', 'Actif', 8, 3),
(9, '2024-02-20', 'Actif', 9, 4),
(10, '2024-02-25', 'Actif', 10, 5),
(11, '2024-03-01', 'Actif', 11, 1),
(12, '2024-03-05', 'Actif', 12, 2),
(13, '2024-03-10', 'Actif', 13, 3),
(14, '2024-03-15', 'Actif', 14, 4),
(15, '2024-03-20', 'Actif', 15, 5),
(16, '2024-03-25', 'Actif', 16, 1),
(17, '2024-04-01', 'Actif', 17, 2),
(18, '2024-04-05', 'Actif', 18, 3),
(19, '2024-04-10', 'Actif', 19, 4),
(20, '2024-04-15', 'Actif', 20, 5),
(21, '2024-04-20', 'Actif', 21, 1),
(22, '2024-04-25', 'Actif', 22, 2),
(23, '2024-05-01', 'Actif', 23, 3),
(24, '2024-05-05', 'Actif', 24, 4),
(25, '2024-05-10', 'Actif', 25, 5),
(26, '2024-05-15', 'Actif', 26, 1),
(27, '2024-05-20', 'Actif', 27, 2),
(28, '2024-05-25', 'Actif', 28, 3),
(29, '2024-06-01', 'Actif', 29, 4),
(30, '2024-06-05', 'Actif', 30, 5),
(31, '2024-01-10', 'Actif', 31, 31),
(32, '2024-01-15', 'Actif', 32, 32),
(33, '2024-01-20', 'Actif', 33, 33),
(34, '2024-01-25', 'Actif', 34, 34),
(35, '2024-02-01', 'Actif', 35, 35),
(36, '2024-02-05', 'Actif', 36, 36),
(37, '2024-02-10', 'Actif', 37, 37),
(38, '2024-02-15', 'Actif', 38, 38),
(39, '2024-02-20', 'Actif', 39, 39),
(40, '2024-02-25', 'Actif', 40, 40),
(41, '2024-01-10', 'Actif', 41, 41),
(42, '2024-01-15', 'Actif', 42, 42),
(43, '2024-01-20', 'Actif', 43, 43),
(44, '2024-01-25', 'Actif', 44, 44),
(45, '2024-02-01', 'Actif', 45, 45),
(46, '2024-02-05', 'Actif', 46, 46),
(47, '2024-02-10', 'Actif', 47, 47),
(48, '2024-02-15', 'Actif', 48, 48),
(49, '2024-02-20', 'Actif', 49, 49),
(50, '2024-02-25', 'Actif', 50, 50);
GO
